<?xml version="1.0" encoding="UTF-8"?>
<project-private xmlns="http://www.netbeans.org/ns/project-private/1">
    <editor-bookmarks xmlns="http://www.netbeans.org/ns/editor-bookmarks/2" lastBookmarkId="0"/>
    <open-files xmlns="http://www.netbeans.org/ns/projectui-open-files/2">
        <group>
            <file>file:/C:/example-app/example-app/resources/js/app.js</file>
            <file>file:/C:/example-app/example-app/database/seeders/FenSeeder.php</file>
            <file>file:/C:/example-app/example-app/app/Models/User.php</file>
            <file>file:/C:/example-app/example-app/public/index.php</file>
            <file>file:/C:/example-app/example-app/public/web.config</file>
            <file>file:/C:/example-app/example-app/.env.example</file>
            <file>file:/C:/example-app/example-app/app/Exceptions/Handler.php</file>
            <file>file:/C:/example-app/example-app/storage/framework/views/ce46d137d2eb600a07f9e7304a52c5a2293d88fe.php</file>
            <file>file:/C:/example-app/example-app/storage/logs/laravel.log</file>
            <file>file:/C:/example-app/example-app/resources/views/chess/index.blade.php</file>
            <file>file:/C:/example-app/example-app/app/Http/Controllers/ChessController.php</file>
        </group>
    </open-files>
</project-private>
